,tshirts_names,Links
0,StyCon,https://www.flipkart.com/stycon-solid-women-round-neck-black-t-shirt/p/itm301b4f07844c4?pid=TSHGG24VZBTMZGDE&lid=LSTTSHGG24VZBTMZGDE4C4AWR&marketplace=FLIPKART&store=clo%2Fash%2Fank&srno=b_1_1&otracker=browse&fm=organic&iid=en_CSP6yq5nc028J%2Bu2InguteuQntbw70rz1yq4RKcBbBICXjdu1eDWgmreU%2BxfPJApCLfawpvd%2FpKwFU1tdCDJag%3D%3D&ppt=None&ppn=None&ssid=ixbgjl99ps0000001667820159769
1,HRX by Hrithik Roshan,https://www.flipkart.com/hrx-hrithik-roshan-solid-women-round-neck-black-t-shirt/p/itm1bff07747ffb4?pid=TSHFPNK5X8D7A2ZS&lid=LSTTSHFPNK5X8D7A2ZSIABL52&marketplace=FLIPKART&store=clo%2Fash%2Fank&srno=b_1_2&otracker=browse&fm=organic&iid=en_CSP6yq5nc028J%2Bu2InguteuQntbw70rz1yq4RKcBbBJNUJsqQwVqw6OBxuH2jevtFvhRJFaholw4rvS19fdllA%3D%3D&ppt=None&ppn=None&ssid=ixbgjl99ps0000001667820159769
2,Roadster,https://www.flipkart.com/roadster-solid-women-round-neck-purple-t-shirt/p/itm7acbba51b1caf?pid=TSHFWG37ZZFAJ6GG&lid=LSTTSHFWG37ZZFAJ6GGBKOE1J&marketplace=FLIPKART&store=clo%2Fash%2Fank&srno=b_1_3&otracker=browse&fm=organic&iid=c5214e87-e240-4a1a-8e17-e2a881154f0f.TSHFWG37ZZFAJ6GG.SEARCH&ppt=None&ppn=None&ssid=ixbgjl99ps0000001667820159769
3,Jannie Hustler,https://www.flipkart.com/jannie-hustler-printed-women-round-neck-multicolor-t-shirt/p/itm43b07b61dd16c?pid=TSHGEVEXGG8HNM2T&lid=LSTTSHGEVEXGG8HNM2T3ODYKX&marketplace=FLIPKART&store=clo%2Fash%2Fank&srno=b_1_4&otracker=browse&fm=organic&iid=c5214e87-e240-4a1a-8e17-e2a881154f0f.TSHGEVEXGG8HNM2T.SEARCH&ppt=None&ppn=None&ssid=ixbgjl99ps0000001667820159769
4,Leotude,https://www.flipkart.com/leotude-printed-women-round-neck-reversible-red-t-shirt/p/itmf3903a357f5e5?pid=TSHGFQU68VEJJVS2&lid=LSTTSHGFQU68VEJJVS2CSOHFF&marketplace=FLIPKART&store=clo%2Fash%2Fank&srno=b_1_5&otracker=browse&fm=organic&iid=c5214e87-e240-4a1a-8e17-e2a881154f0f.TSHGFQU68VEJJVS2.SEARCH&ppt=None&ppn=None&ssid=ixbgjl99ps0000001667820159769
5,Leotude,https://www.flipkart.com/leotude-printed-women-round-neck-purple-t-shirt/p/itm60a915caa40ee?pid=TSHGHFWXZ8HSE9AK&lid=LSTTSHGHFWXZ8HSE9AKK7LPPQ&marketplace=FLIPKART&store=clo%2Fash%2Fank&srno=b_1_6&otracker=browse&fm=organic&iid=c5214e87-e240-4a1a-8e17-e2a881154f0f.TSHGHFWXZ8HSE9AK.SEARCH&ppt=None&ppn=None&ssid=ixbgjl99ps0000001667820159769
6,Jannie Hustler,https://www.flipkart.com/jannie-hustler-printed-women-round-neck-multicolor-t-shirt/p/itm2951fc933c5f2?pid=TSHGEVFD7ZVNZJZU&lid=LSTTSHGEVFD7ZVNZJZUFPRS0Q&marketplace=FLIPKART&store=clo%2Fash%2Fank&srno=b_1_7&otracker=browse&fm=organic&iid=c5214e87-e240-4a1a-8e17-e2a881154f0f.TSHGEVFD7ZVNZJZU.SEARCH&ppt=None&ppn=None&ssid=ixbgjl99ps0000001667820159769
7,HRX by Hrithik Roshan,https://www.flipkart.com/hrx-hrithik-roshan-color-block-women-round-neck-multicolor-t-shirt/p/itm15d2252e1a817?pid=TSHGF87EVGQAQZHA&lid=LSTTSHGF87EVGQAQZHAJO4YA1&marketplace=FLIPKART&store=clo%2Fash%2Fank&srno=b_1_8&otracker=browse&fm=organic&iid=en_CSP6yq5nc028J%2Bu2InguteuQntbw70rz1yq4RKcBbBLWiP3JFrgFgIWAlckedEz8Ca0qQnwqkLxqnPpn2ejhbA%3D%3D&ppt=None&ppn=None&ssid=ixbgjl99ps0000001667820159769
8,Jannie Hustler,https://www.flipkart.com/jannie-hustler-printed-women-round-neck-multicolor-t-shirt/p/itma7791b6dc1490?pid=TSHGEVEWZ4NAFSZ7&lid=LSTTSHGEVEWZ4NAFSZ7QZT4NL&marketplace=FLIPKART&store=clo%2Fash%2Fank&srno=b_1_9&otracker=browse&fm=organic&iid=c5214e87-e240-4a1a-8e17-e2a881154f0f.TSHGEVEWZ4NAFSZ7.SEARCH&ppt=None&ppn=None&ssid=ixbgjl99ps0000001667820159769
9,Young trendz,https://www.flipkart.com/young-trendz-solid-women-round-neck-white-black-t-shirt/p/itm782cfe29db680?pid=TSHFTGDEYEZ6VZRR&lid=LSTTSHFTGDEYEZ6VZRRGKUCNZ&marketplace=FLIPKART&store=clo%2Fash%2Fank&srno=b_1_10&otracker=browse&fm=organic&iid=c5214e87-e240-4a1a-8e17-e2a881154f0f.TSHFTGDEYEZ6VZRR.SEARCH&ppt=None&ppn=None&ssid=ixbgjl99ps0000001667820159769
10,TIEDYEHUB,https://www.flipkart.com/tiedyehub-tie-dye-women-round-neck-multicolor-t-shirt/p/itm8e18b554abe8c?pid=TSHGGB4RSDRVWSD7&lid=LSTTSHGGB4RSDRVWSD7YSGGHY&marketplace=FLIPKART&store=clo%2Fash%2Fank&srno=b_1_11&otracker=browse&fm=organic&iid=en_CSP6yq5nc028J%2Bu2InguteuQntbw70rz1yq4RKcBbBL2YunD9dNr64inE%2FmSPTjAIbDRoXtciKo0M6STkPWm3Q%3D%3D&ppt=None&ppn=None&ssid=ixbgjl99ps0000001667820159769
11,KYK,https://www.flipkart.com/kyk-solid-women-round-neck-black-t-shirt/p/itmbd54395b671f2?pid=TSHGHY5FVZ3FXAFN&lid=LSTTSHGHY5FVZ3FXAFNJNOQJR&marketplace=FLIPKART&store=clo%2Fash%2Fank&srno=b_1_12&otracker=browse&fm=organic&iid=en_CSP6yq5nc028J%2Bu2InguteuQntbw70rz1yq4RKcBbBJrUvQG6kuCR%2FC3sghjFnJ1AtZoQOkxjjI30SBI9IYWZQ%3D%3D&ppt=None&ppn=None&ssid=ixbgjl99ps0000001667820159769
12,GIRLS SHOPPIE,https://www.flipkart.com/girls-shoppie-solid-women-round-neck-white-blue-t-shirt/p/itmf3d016bb1a5ac?pid=TSHGYU42DQ94S3JP&lid=LSTTSHGYU42DQ94S3JPRL0FPC&marketplace=FLIPKART&store=clo%2Fash%2Fank&srno=b_1_13&otracker=browse&fm=organic&iid=c5214e87-e240-4a1a-8e17-e2a881154f0f.TSHGYU42DQ94S3JP.SEARCH&ppt=None&ppn=None&ssid=ixbgjl99ps0000001667820159769
13,Ap'pulse,https://www.flipkart.com/ap-pulse-solid-women-round-neck-black-t-shirt/p/itmf83zujxvhm8pd?pid=TSHF82J6H4MGSNVQ&lid=LSTTSHF82J6H4MGSNVQYAQOZS&marketplace=FLIPKART&store=clo%2Fash%2Fank&srno=b_1_14&otracker=browse&fm=organic&iid=c5214e87-e240-4a1a-8e17-e2a881154f0f.TSHF82J6H4MGSNVQ.SEARCH&ppt=None&ppn=None&ssid=ixbgjl99ps0000001667820159769
14,VIVINKS,https://www.flipkart.com/vivinks-color-block-women-round-neck-black-pink-t-shirt/p/itm472a1d5700beb?pid=TSHFWAZHFVACFVYV&lid=LSTTSHFWAZHFVACFVYVNZASXM&marketplace=FLIPKART&store=clo%2Fash%2Fank&srno=b_1_15&otracker=browse&fm=organic&iid=c5214e87-e240-4a1a-8e17-e2a881154f0f.TSHFWAZHFVACFVYV.SEARCH&ppt=None&ppn=None&ssid=ixbgjl99ps0000001667820159769
15,BASE 41,https://www.flipkart.com/base-41-solid-women-round-neck-red-t-shirt/p/itmf1d3845211aad?pid=TSHFZPBQCZWEBZNN&lid=LSTTSHFZPBQCZWEBZNNAVKJPM&marketplace=FLIPKART&store=clo%2Fash%2Fank&srno=b_1_16&otracker=browse&fm=organic&iid=c5214e87-e240-4a1a-8e17-e2a881154f0f.TSHFZPBQCZWEBZNN.SEARCH&ppt=None&ppn=None&ssid=ixbgjl99ps0000001667820159769
16,HEMANG FASHION,https://www.flipkart.com/hemang-fashion-color-block-women-round-neck-light-blue-t-shirt/p/itmb56602d04a972?pid=TSHGFGQ9NVGGCGZD&lid=LSTTSHGFGQ9NVGGCGZDAJUES6&marketplace=FLIPKART&store=clo%2Fash%2Fank&srno=b_1_17&otracker=browse&fm=organic&iid=en_CSP6yq5nc028J%2Bu2InguteuQntbw70rz1yq4RKcBbBITlUwgNLOtwrpkB%2BB96BQK6oF1UvE1yZEuZhgRQiHcxw%3D%3D&ppt=None&ppn=None&ssid=ixbgjl99ps0000001667820159769
17,SCOTT INTERNATIONAL,https://www.flipkart.com/scott-international-solid-women-round-neck-light-blue-maroon-blue-t-shirt/p/itm76e8ba4361839?pid=TSHGBXYQDUMVUDBG&lid=LSTTSHGBXYQDUMVUDBG1ITDAK&marketplace=FLIPKART&store=clo%2Fash%2Fank&srno=b_1_18&otracker=browse&fm=organic&iid=en_CSP6yq5nc028J%2Bu2InguteuQntbw70rz1yq4RKcBbBJpEJ8jhk0v9oE51QOACjoYLVPxkhzcrpwE9Qd2gecaPQ%3D%3D&ppt=None&ppn=None&ssid=ixbgjl99ps0000001667820159769
18,Jannie Hustler,https://www.flipkart.com/jannie-hustler-printed-women-round-neck-multicolor-t-shirt/p/itmdc059a092ab79?pid=TSHGEVEXHTTFXDEX&lid=LSTTSHGEVEXHTTFXDEXCP3X5P&marketplace=FLIPKART&store=clo%2Fash%2Fank&srno=b_1_19&otracker=browse&fm=organic&iid=c5214e87-e240-4a1a-8e17-e2a881154f0f.TSHGEVEXHTTFXDEX.SEARCH&ppt=None&ppn=None&ssid=ixbgjl99ps0000001667820159769
19,JUNEBERRY,https://www.flipkart.com/juneberry-striped-women-round-neck-multicolor-t-shirt/p/itm132ce09ad9d4a?pid=TSHGADCZFGBMNUDN&lid=LSTTSHGADCZFGBMNUDNFBX6GO&marketplace=FLIPKART&store=clo%2Fash%2Fank&srno=b_1_20&otracker=browse&fm=organic&iid=c5214e87-e240-4a1a-8e17-e2a881154f0f.TSHGADCZFGBMNUDN.SEARCH&ppt=None&ppn=None&ssid=ixbgjl99ps0000001667820159769
20,B'witched,https://www.flipkart.com/b-witched-typography-women-round-neck-white-t-shirt/p/itmd976afc93ee8a?pid=TSHGGHNZA3EZVXRY&lid=LSTTSHGGHNZA3EZVXRYX8FVWD&marketplace=FLIPKART&store=clo%2Fash%2Fank&srno=b_1_21&otracker=browse&fm=organic&iid=en_CSP6yq5nc028J%2Bu2InguteuQntbw70rz1yq4RKcBbBJ7hm8XE3PAida%2FWTH%2BqFc5g4vRXnbxulfPwqklUJtNtA%3D%3D&ppt=None&ppn=None&ssid=ixbgjl99ps0000001667820159769
21,B'witched,https://www.flipkart.com/b-witched-typography-women-round-neck-yellow-t-shirt/p/itmc79d9d16c2798?pid=TSHGG5FSA4XKQHMJ&lid=LSTTSHGG5FSA4XKQHMJTQOETP&marketplace=FLIPKART&store=clo%2Fash%2Fank&srno=b_1_22&otracker=browse&fm=organic&iid=en_CSP6yq5nc028J%2Bu2InguteuQntbw70rz1yq4RKcBbBJpTVTdrVq48iLNiZ%2B7hRzYO0oBv0AL5Bog%2F5tYr9zEew%3D%3D&ppt=None&ppn=None&ssid=ixbgjl99ps0000001667820159769
22,Hero & Piyush,https://www.flipkart.com/hero-piyush-solid-women-hooded-neck-multicolor-t-shirt/p/itm8582258216435?pid=TSHFXPW3EHTJSFYG&lid=LSTTSHFXPW3EHTJSFYGXHOHWT&marketplace=FLIPKART&store=clo%2Fash%2Fank&srno=b_1_23&otracker=browse&fm=organic&iid=c5214e87-e240-4a1a-8e17-e2a881154f0f.TSHFXPW3EHTJSFYG.SEARCH&ppt=None&ppn=None&ssid=ixbgjl99ps0000001667820159769
23,THE DRY STATE,https://www.flipkart.com/dry-state-graphic-print-women-round-neck-light-green-t-shirt/p/itm342361411a89e?pid=TSHG6Y497YK4GZHV&lid=LSTTSHG6Y497YK4GZHVP42ON8&marketplace=FLIPKART&store=clo%2Fash%2Fank&srno=b_1_24&otracker=browse&fm=organic&iid=c5214e87-e240-4a1a-8e17-e2a881154f0f.TSHG6Y497YK4GZHV.SEARCH&ppt=None&ppn=None&ssid=ixbgjl99ps0000001667820159769
24,THE DRY STATE,https://www.flipkart.com/dry-state-graphic-print-women-round-neck-white-t-shirt/p/itm241a1c4b0fd97?pid=TSHGCFH8CZCN6ZBH&lid=LSTTSHGCFH8CZCN6ZBHXHIBNZ&marketplace=FLIPKART&store=clo%2Fash%2Fank&srno=b_1_25&otracker=browse&fm=organic&iid=c5214e87-e240-4a1a-8e17-e2a881154f0f.TSHGCFH8CZCN6ZBH.SEARCH&ppt=None&ppn=None&ssid=ixbgjl99ps0000001667820159769
25,Ap'pulse,https://www.flipkart.com/ap-pulse-solid-women-high-neck-black-t-shirt/p/itmf3yuyj8zjmytw?pid=TSHES5VSGAZX8C6D&lid=LSTTSHES5VSGAZX8C6DVUZQMD&marketplace=FLIPKART&store=clo%2Fash%2Fank&srno=b_1_26&otracker=browse&fm=organic&iid=c5214e87-e240-4a1a-8e17-e2a881154f0f.TSHES5VSGAZX8C6D.SEARCH&ppt=None&ppn=None&ssid=ixbgjl99ps0000001667820159769
26,B'witched,https://www.flipkart.com/b-witched-printed-women-round-neck-purple-t-shirt/p/itm11922d9012fdc?pid=TSHGG4E9JVCVBRYS&lid=LSTTSHGG4E9JVCVBRYSEQ2JB6&marketplace=FLIPKART&store=clo%2Fash%2Fank&srno=b_1_27&otracker=browse&fm=organic&iid=en_CSP6yq5nc028J%2Bu2InguteuQntbw70rz1yq4RKcBbBLXl8TOVsrpp2YJFjicUZ5hyhek1r4QOvzqIz5BUbWNHA%3D%3D&ppt=None&ppn=None&ssid=ixbgjl99ps0000001667820159769
27,StyleAone,https://www.flipkart.com/styleaone-printed-women-hooded-neck-black-t-shirt/p/itm8e29ce55146c4?pid=TSHFXZGDVGYJAHTH&lid=LSTTSHFXZGDVGYJAHTHGQGWRS&marketplace=FLIPKART&store=clo%2Fash%2Fank&srno=b_1_28&otracker=browse&fm=organic&iid=en_CSP6yq5nc028J%2Bu2InguteuQntbw70rz1yq4RKcBbBJTixr%2B7Kbv5Bnq5ZWv8Zwk8gEZfdKI4hop86Pq2a%2Bsjw%3D%3D&ppt=None&ppn=None&ssid=ixbgjl99ps0000001667820159769
28,Gritstones,https://www.flipkart.com/gritstones-printed-women-round-neck-red-white-t-shirt/p/itm27ece6af8738a?pid=TSHFHB4HRFGS8FJK&lid=LSTTSHFHB4HRFGS8FJKW3FL0I&marketplace=FLIPKART&store=clo%2Fash%2Fank&srno=b_1_29&otracker=browse&fm=organic&iid=c5214e87-e240-4a1a-8e17-e2a881154f0f.TSHFHB4HRFGS8FJK.SEARCH&ppt=None&ppn=None&ssid=ixbgjl99ps0000001667820159769
29,Roadster,https://www.flipkart.com/roadster-solid-women-v-neck-white-t-shirt/p/itm741df49924ef4?pid=TSHFKG42F8FZFRCK&lid=LSTTSHFKG42F8FZFRCK7MF52V&marketplace=FLIPKART&store=clo%2Fash%2Fank&srno=b_1_30&otracker=browse&fm=organic&iid=c5214e87-e240-4a1a-8e17-e2a881154f0f.TSHFKG42F8FZFRCK.SEARCH&ppt=None&ppn=None&ssid=ixbgjl99ps0000001667820159769
30,Wafaa,https://www.flipkart.com/wafaa-solid-women-round-neck-white-t-shirt/p/itm0b7a6f413f6fb?pid=TSHGHRWBPXASV2CV&lid=LSTTSHGHRWBPXASV2CVXFBXAS&marketplace=FLIPKART&store=clo%2Fash%2Fank&srno=b_1_31&otracker=browse&fm=organic&iid=en_CSP6yq5nc028J%2Bu2InguteuQntbw70rz1yq4RKcBbBIKA4zIvhOElyKIEwG5eSVOn0dNccEtN4ibBgdepOOnxQ%3D%3D&ppt=None&ppn=None&ssid=ixbgjl99ps0000001667820159769
31,StyCon,https://www.flipkart.com/stycon-solid-women-round-neck-white-t-shirt/p/itm3c15d84a6ae32?pid=TSHGG24VFBHAURHC&lid=LSTTSHGG24VFBHAURHCACU4ZC&marketplace=FLIPKART&store=clo%2Fash%2Fank&srno=b_1_32&otracker=browse&fm=organic&iid=en_CSP6yq5nc028J%2Bu2InguteuQntbw70rz1yq4RKcBbBKYB0f3S6TpSbSRLy%2Bs8GGrpXk5VzbJH9BdEPbQt6I7hg%3D%3D&ppt=None&ppn=None&ssid=ixbgjl99ps0000001667820159769
32,Hero & Piyush,https://www.flipkart.com/hero-piyush-solid-women-round-neck-red-white-blue-t-shirt/p/itm0ce5553c24b55?pid=TSHFS7FGGGDFH7AD&lid=LSTTSHFS7FGGGDFH7ADNLC0BY&marketplace=FLIPKART&store=clo%2Fash%2Fank&srno=b_1_33&otracker=browse&fm=organic&iid=c5214e87-e240-4a1a-8e17-e2a881154f0f.TSHFS7FGGGDFH7AD.SEARCH&ppt=None&ppn=None&ssid=ixbgjl99ps0000001667820159769
33,BASE 41,https://www.flipkart.com/base-41-solid-women-round-neck-green-t-shirt/p/itm6df05456c8a46?pid=TSHFPA9ZNWRY3JZK&lid=LSTTSHFPA9ZNWRY3JZKTBFNAJ&marketplace=FLIPKART&store=clo%2Fash%2Fank&srno=b_1_34&otracker=browse&fm=organic&iid=c5214e87-e240-4a1a-8e17-e2a881154f0f.TSHFPA9ZNWRY3JZK.SEARCH&ppt=None&ppn=None&ssid=ixbgjl99ps0000001667820159769
34,GIRLS SHOPPIE,https://www.flipkart.com/girls-shoppie-color-block-women-round-neck-maroon-black-t-shirt/p/itm3a1e10e363cc0?pid=TSHG9RAT8RJP4JSJ&lid=LSTTSHG9RAT8RJP4JSJXUPQUY&marketplace=FLIPKART&store=clo%2Fash%2Fank&srno=b_1_35&otracker=browse&fm=organic&iid=c5214e87-e240-4a1a-8e17-e2a881154f0f.TSHG9RAT8RJP4JSJ.SEARCH&ppt=None&ppn=None&ssid=ixbgjl99ps0000001667820159769
35,Hero & Piyush,https://www.flipkart.com/hero-piyush-solid-women-round-neck-green-t-shirt/p/itmd69238bedd283?pid=TSHFS3A54GSCZHRJ&lid=LSTTSHFS3A54GSCZHRJFJJFNE&marketplace=FLIPKART&store=clo%2Fash%2Fank&srno=b_1_36&otracker=browse&fm=organic&iid=c5214e87-e240-4a1a-8e17-e2a881154f0f.TSHFS3A54GSCZHRJ.SEARCH&ppt=None&ppn=None&ssid=ixbgjl99ps0000001667820159769
36,B'witched,https://www.flipkart.com/b-witched-typography-women-round-neck-black-t-shirt/p/itm19a8ecdf17ec7?pid=TSHGGGTGJ6PG56EY&lid=LSTTSHGGGTGJ6PG56EYSD5Y7P&marketplace=FLIPKART&store=clo%2Fash%2Fank&srno=b_1_37&otracker=browse&fm=organic&iid=en_CSP6yq5nc028J%2Bu2InguteuQntbw70rz1yq4RKcBbBKNtHvh1%2FN5PTiKHNsWEs4CAtJlvcYNOBBBV5vusC5hEA%3D%3D&ppt=None&ppn=None&ssid=ixbgjl99ps0000001667820159769
37,Fleximaa,https://www.flipkart.com/fleximaa-solid-women-round-neck-grey-t-shirt/p/itm5b9d80b4f10cc?pid=TSHG5DGMYYBQSEAG&lid=LSTTSHG5DGMYYBQSEAGPZYMDB&marketplace=FLIPKART&store=clo%2Fash%2Fank&srno=b_1_38&otracker=browse&fm=organic&iid=en_CSP6yq5nc028J%2Bu2InguteuQntbw70rz1yq4RKcBbBK%2BXZBjgoCBlHe6PBfNEQmjzPtMGo2N2KI1M8ny8rPdzA%3D%3D&ppt=None&ppn=None&ssid=ixbgjl99ps0000001667820159769
38,Hero & Piyush,https://www.flipkart.com/hero-piyush-solid-women-hooded-neck-multicolor-t-shirt/p/itm5549b6b28f9e6?pid=TSHFXPW3HKQ6MZZP&lid=LSTTSHFXPW3HKQ6MZZPNSFGS8&marketplace=FLIPKART&store=clo%2Fash%2Fank&srno=b_1_39&otracker=browse&fm=organic&iid=c5214e87-e240-4a1a-8e17-e2a881154f0f.TSHFXPW3HKQ6MZZP.SEARCH&ppt=None&ppn=None&ssid=ixbgjl99ps0000001667820159769
39,V3Squared,https://www.flipkart.com/v3squared-solid-women-v-neck-black-t-shirt/p/itm1f1af8b9c2fad?pid=TSHG3N7KGQMHYZZ5&lid=LSTTSHG3N7KGQMHYZZ51BI103&marketplace=FLIPKART&store=clo%2Fash%2Fank&srno=b_1_40&otracker=browse&fm=organic&iid=c5214e87-e240-4a1a-8e17-e2a881154f0f.TSHG3N7KGQMHYZZ5.SEARCH&ppt=None&ppn=None&ssid=ixbgjl99ps0000001667820159769
